{
    "uvs":[[0.736471,0.900038,0.782045,0.924969,0.712701,0.95145,0.907893,0.897054,0.946264,0.946301,0.868694,0.924679,0.686411,0.844552,0.734018,0.869758,0.917868,0.863451,0.961532,0.820407,0.536207,0.77939,0.49871,0.715979,0.570607,0.74918,0.544415,0.712632,0.574279,0.809395,0.594196,0.77231,0.545069,0.696183,0.508143,0.678705,0.895316,0.739718,0.913309,0.713982,0.928066,0.766024,0.952047,0.711991,0.867386,0.758917,0.890111,0.795822,0.912143,0.699035,0.943002,0.679943,0.875893,0.682187,0.865862,0.633006,0.603162,0.628228,0.592531,0.680027,0.631768,0.674764,0.692346,0.679318,0.738606,0.636222,0.783649,0.682974,0.84199,0.672529,0.808679,0.776483,0.823686,0.820486,0.769147,0.797776,0.780612,0.836236,0.688228,0.801441,0.683271,0.844752,0.646005,0.783523,0.629654,0.829632]],
    "faces":[40,0,1,2,0,1,2,0,1,2,40,3,4,5,3,4,5,3,4,5,40,4,2,5,4,2,5,4,2,5,40,2,1,5,2,1,5,2,1,5,40,6,0,2,6,0,2,6,0,2,40,7,0,6,7,0,6,7,0,6,40,8,3,7,8,3,7,8,3,7,40,3,0,7,3,0,7,3,0,7,40,1,0,5,1,0,5,1,0,5,40,0,3,5,0,3,5,0,3,5,40,9,4,8,9,4,8,9,4,8,40,3,8,4,3,8,4,3,8,4,40,6,9,7,6,9,7,6,9,7,40,8,7,9,8,7,9,8,7,9,40,10,11,12,10,11,12,10,11,12,40,13,12,11,13,12,11,13,12,11,40,14,10,15,14,10,15,14,10,15,40,12,15,10,12,15,10,12,15,10,40,13,11,16,13,11,16,13,11,16,40,17,16,11,17,16,11,17,16,11,40,18,19,20,18,19,20,18,19,20,40,21,20,19,21,20,19,21,20,19,40,22,18,23,22,18,23,22,18,23,40,20,23,18,20,23,18,20,23,18,40,19,24,21,19,24,21,19,24,21,40,25,21,24,25,21,24,25,21,24,40,24,26,25,24,26,25,24,26,25,40,25,26,27,25,26,27,25,26,27,40,17,28,16,17,28,16,17,28,16,40,16,28,29,16,28,29,16,28,29,40,29,28,30,29,28,30,29,28,30,40,30,28,31,30,28,31,30,28,31,40,28,32,31,28,32,31,28,32,31,40,31,32,33,31,32,33,31,32,33,40,32,27,33,32,27,33,32,27,33,40,33,27,34,33,27,34,33,27,34,40,27,26,34,27,26,34,27,26,34,40,35,22,36,35,22,36,35,22,36,40,23,36,22,23,36,22,23,36,22,40,37,35,38,37,35,38,37,35,38,40,36,38,35,36,38,35,36,38,35,40,39,37,40,39,37,40,39,37,40,40,38,40,37,38,40,37,38,40,37,40,14,41,42,14,41,42,14,41,42,40,15,41,14,15,41,14,15,41,14,40,40,42,39,40,42,39,40,42,39,40,41,39,42,41,39,42,41,39,42,40,16,29,13,16,29,13,16,29,13,40,13,29,12,13,29,12,13,29,12,40,12,29,15,12,29,15,12,29,15,40,24,19,26,24,19,26,24,19,26,40,19,18,26,19,18,26,19,18,26,40,18,22,26,18,22,26,18,22,26,40,34,26,33,34,26,33,34,26,33,40,26,22,33,26,22,33,26,22,33,40,22,35,33,22,35,33,22,35,33,40,33,35,31,33,35,31,33,35,31,40,35,37,31,35,37,31,35,37,31,40,37,39,31,37,39,31,37,39,31,40,39,41,31,39,41,31,39,41,31,40,31,41,30,31,41,30,31,41,30,40,41,15,30,41,15,30,41,15,30,40,15,29,30,15,29,30,15,29,30,40,43,44,45,0,1,2,43,44,45,40,46,47,48,3,4,5,46,47,48,40,47,45,48,4,2,5,47,45,48,40,45,44,48,2,1,5,45,44,48,40,49,43,45,6,0,2,49,43,45,40,50,43,49,7,0,6,50,43,49,40,51,46,50,8,3,7,51,46,50,40,46,43,50,3,0,7,46,43,50,40,44,43,48,1,0,5,44,43,48,40,43,46,48,0,3,5,43,46,48,40,52,47,51,9,4,8,52,47,51,40,46,51,47,3,8,4,46,51,47,40,49,52,50,6,9,7,49,52,50,40,51,50,52,8,7,9,51,50,52,40,53,54,55,10,11,12,53,54,55,40,56,55,54,13,12,11,56,55,54,40,57,53,58,14,10,15,57,53,58,40,55,58,53,12,15,10,55,58,53,40,56,54,59,13,11,16,56,54,59,40,60,59,54,17,16,11,60,59,54,40,61,62,63,18,19,20,61,62,63,40,64,63,62,21,20,19,64,63,62,40,65,61,66,22,18,23,65,61,66,40,63,66,61,20,23,18,63,66,61,40,62,67,64,19,24,21,62,67,64,40,68,64,67,25,21,24,68,64,67,40,67,69,68,24,26,25,67,69,68,40,68,69,70,25,26,27,68,69,70,40,60,71,59,17,28,16,60,71,59,40,59,71,72,16,28,29,59,71,72,40,72,71,73,29,28,30,72,71,73,40,73,71,74,30,28,31,73,71,74,40,71,75,74,28,32,31,71,75,74,40,74,75,76,31,32,33,74,75,76,40,75,70,76,32,27,33,75,70,76,40,76,70,77,33,27,34,76,70,77,40,70,69,77,27,26,34,70,69,77,40,78,65,79,35,22,36,78,65,79,40,66,79,65,23,36,22,66,79,65,40,80,78,81,37,35,38,80,78,81,40,79,81,78,36,38,35,79,81,78,40,82,80,83,39,37,40,82,80,83,40,81,83,80,38,40,37,81,83,80,40,57,84,85,14,41,42,57,84,85,40,58,84,57,15,41,14,58,84,57,40,83,85,82,40,42,39,83,85,82,40,84,82,85,41,39,42,84,82,85,40,59,72,56,16,29,13,59,72,56,40,56,72,55,13,29,12,56,72,55,40,55,72,58,12,29,15,55,72,58,40,67,62,69,24,19,26,67,62,69,40,62,61,69,19,18,26,62,61,69,40,61,65,69,18,22,26,61,65,69,40,77,69,76,34,26,33,77,69,76,40,69,65,76,26,22,33,69,65,76,40,65,78,76,22,35,33,65,78,76,40,76,78,74,33,35,31,76,78,74,40,78,80,74,35,37,31,78,80,74,40,80,82,74,37,39,31,80,82,74,40,82,84,74,39,41,31,82,84,74,40,74,84,73,31,41,30,74,84,73,40,84,58,73,41,15,30,84,58,73,40,58,72,73,15,29,30,58,72,73,40,86,87,88,0,2,1,86,87,88,40,89,90,91,3,5,4,89,90,91,40,91,90,87,4,5,2,91,90,87,40,87,90,88,2,5,1,87,90,88,40,92,87,86,6,2,0,92,87,86,40,93,92,86,7,6,0,93,92,86,40,94,93,89,8,7,3,94,93,89,40,89,93,86,3,7,0,89,93,86,40,88,90,86,1,5,0,88,90,86,40,86,90,89,0,5,3,86,90,89,40,95,94,91,9,8,4,95,94,91,40,89,91,94,3,4,8,89,91,94,40,92,93,95,6,7,9,92,93,95,40,94,95,93,8,9,7,94,95,93,40,96,97,98,10,12,11,96,97,98,40,99,98,97,13,11,12,99,98,97,40,100,101,96,14,15,10,100,101,96,40,97,96,101,12,10,15,97,96,101,40,99,102,98,13,16,11,99,102,98,40,103,98,102,17,11,16,103,98,102,40,104,105,106,18,20,19,104,105,106,40,107,106,105,21,19,20,107,106,105,40,108,109,104,22,23,18,108,109,104,40,105,104,109,20,18,23,105,104,109,40,106,107,110,19,21,24,106,107,110,40,111,110,107,25,24,21,111,110,107,40,110,111,112,24,25,26,110,111,112,40,111,113,112,25,27,26,111,113,112,40,103,102,114,17,16,28,103,102,114,40,102,115,114,16,29,28,102,115,114,40,115,116,114,29,30,28,115,116,114,40,116,117,114,30,31,28,116,117,114,40,114,117,118,28,31,32,114,117,118,40,117,119,118,31,33,32,117,119,118,40,118,119,113,32,33,27,118,119,113,40,119,120,113,33,34,27,119,120,113,40,113,120,112,27,34,26,113,120,112,40,121,122,108,35,36,22,121,122,108,40,109,108,122,23,22,36,109,108,122,40,123,124,121,37,38,35,123,124,121,40,122,121,124,36,35,38,122,121,124,40,125,126,123,39,40,37,125,126,123,40,124,123,126,38,37,40,124,123,126,40,100,127,128,14,42,41,100,127,128,40,101,100,128,15,14,41,101,100,128,40,126,125,127,40,39,42,126,125,127,40,128,127,125,41,42,39,128,127,125,40,102,99,115,16,13,29,102,99,115,40,99,97,115,13,12,29,99,97,115,40,97,101,115,12,15,29,97,101,115,40,110,112,106,24,26,19,110,112,106,40,106,112,104,19,26,18,106,112,104,40,104,112,108,18,26,22,104,112,108,40,120,119,112,34,33,26,120,119,112,40,112,119,108,26,33,22,112,119,108,40,108,119,121,22,33,35,108,119,121,40,119,117,121,33,31,35,119,117,121,40,121,117,123,35,31,37,121,117,123,40,123,117,125,37,31,39,123,117,125,40,125,117,128,39,31,41,125,117,128,40,117,116,128,31,30,41,117,116,128,40,128,116,101,41,30,15,128,116,101,40,101,116,115,15,30,29,101,116,115,40,129,130,131,0,2,1,129,130,131,40,132,133,134,3,5,4,132,133,134,40,134,133,130,4,5,2,134,133,130,40,130,133,131,2,5,1,130,133,131,40,135,130,129,6,2,0,135,130,129,40,136,135,129,7,6,0,136,135,129,40,137,136,132,8,7,3,137,136,132,40,132,136,129,3,7,0,132,136,129,40,131,133,129,1,5,0,131,133,129,40,129,133,132,0,5,3,129,133,132,40,138,137,134,9,8,4,138,137,134,40,132,134,137,3,4,8,132,134,137,40,135,136,138,6,7,9,135,136,138,40,137,138,136,8,9,7,137,138,136,40,139,140,141,10,12,11,139,140,141,40,142,141,140,13,11,12,142,141,140,40,143,144,139,14,15,10,143,144,139,40,140,139,144,12,10,15,140,139,144,40,142,145,141,13,16,11,142,145,141,40,146,141,145,17,11,16,146,141,145,40,147,148,149,18,20,19,147,148,149,40,150,149,148,21,19,20,150,149,148,40,151,152,147,22,23,18,151,152,147,40,148,147,152,20,18,23,148,147,152,40,149,150,153,19,21,24,149,150,153,40,154,153,150,25,24,21,154,153,150,40,153,154,155,24,25,26,153,154,155,40,154,156,155,25,27,26,154,156,155,40,146,145,157,17,16,28,146,145,157,40,145,158,157,16,29,28,145,158,157,40,158,159,157,29,30,28,158,159,157,40,159,160,157,30,31,28,159,160,157,40,157,160,161,28,31,32,157,160,161,40,160,162,161,31,33,32,160,162,161,40,161,162,156,32,33,27,161,162,156,40,162,163,156,33,34,27,162,163,156,40,156,163,155,27,34,26,156,163,155,40,164,165,151,35,36,22,164,165,151,40,152,151,165,23,22,36,152,151,165,40,166,167,164,37,38,35,166,167,164,40,165,164,167,36,35,38,165,164,167,40,168,169,166,39,40,37,168,169,166,40,167,